{
  "label": "GTX1650",
  "sizes": [
    64,
    128,
    256,
    512,
    1024,
    2048,
    4096
  ],
  "naive_gflops": [
    22.818941641278993,
    88.02686096552347,
    162.39368028225897,
    181.1970516236822,
    236.39745426914052,
    237.7454212448693,
    234.61276348397038
  ],
  "tiled_gflops": [
    8.533333548903471,
    93.99211020883665,
    235.74100142668942,
    365.0553891408006,
    375.3197670652541,
    371.80250028620327,
    368.6853391914403
  ],
  "cublas_gflops": [
    9.846153957119004,
    73.34751034677004,
    409.7600740991502,
    1297.7426023667454,
    2264.5519302077346,
    2461.1921167333944,
    1557.2633685221472
  ]
}